givenname,surname,name,samaccountname,Manager,title,department,city,directreports
Mellie,Winkle,Mellie Winkle,Mellie.Winkle,"CN=Taneka Felkins,OU=TestOU,DC=test,DC=com",Manager,Admin,Paris,"CN=Joni Newcomer,OU=TestOU,DC=test,DC=com;CN=Graham Kirtley,OU=TestOU,DC=test,DC=com;CN=Lilian Haro,OU=TestOU,DC=test,DC=com"
Lilian,Haro,Lilian Haro,Lilian.Haro,"CN=Mellie Winkle,OU=TestOU,DC=test,DC=com",Administrative Assistant,Admin,Paris,
Graham,Kirtley,Graham Kirtley,Graham.Kirtley,"CN=Mellie Winkle,OU=TestOU,DC=test,DC=com",Administrative Assistant,Admin,Sao Paulo,
Joni,Newcomer,Joni Newcomer,Joni.Newcomer,"CN=Mellie Winkle,OU=TestOU,DC=test,DC=com",Administrative Assistant,Admin,Sao Paulo,
Blake,Neidig,Blake Neidig,Blake.Neidig,"CN=Taneka Felkins,OU=TestOU,DC=test,DC=com",CFO,Leadership,Mumbai,"CN=Genevie Solar,OU=TestOU,DC=test,DC=com"
Genevie,Solar,Genevie Solar,Genevie.Solar,"CN=Blake Neidig,OU=TestOU,DC=test,DC=com",President,Finance,Mumbai,"CN=Anderson Boyden,OU=TestOU,DC=test,DC=com"
Anderson,Boyden,Anderson Boyden,Anderson.Boyden,"CN=Genevie Solar,OU=TestOU,DC=test,DC=com",Vice President,Finance,Mumbai,"CN=Agripina Macha,OU=TestOU,DC=test,DC=com"
Agripina,Macha,Agripina Macha,Agripina.Macha,"CN=Anderson Boyden,OU=TestOU,DC=test,DC=com",Manager,Finance,Mumbai,"CN=Arlen Daughtry,OU=TestOU,DC=test,DC=com;CN=Tierra Herwig,OU=TestOU,DC=test,DC=com;CN=Elvis Pacheo,OU=TestOU,DC=test,DC=com;CN=Marianela Lairsey,OU=TestOU,DC=test,DC=com"
Marianela,Lairsey,Marianela Lairsey,Marianela.Lairsey,"CN=Agripina Macha,OU=TestOU,DC=test,DC=com",Analyst,Finance,Mumbai,
Elvis,Pacheo,Elvis Pacheo,Elvis.Pacheo,"CN=Agripina Macha,OU=TestOU,DC=test,DC=com",Analyst,Finance,Bangalore,
Tierra,Herwig,Tierra Herwig,Tierra.Herwig,"CN=Agripina Macha,OU=TestOU,DC=test,DC=com",Analyst,Finance,Bangalore,
Arlen,Daughtry,Arlen Daughtry,Arlen.Daughtry,"CN=Agripina Macha,OU=TestOU,DC=test,DC=com",Analyst,Finance,Bangalore,
Vickie,Peavey,Vickie Peavey,Vickie.Peavey,"CN=Taneka Felkins,OU=TestOU,DC=test,DC=com",CHRO,Leadership,Prague,"CN=Celsa Pyper,OU=TestOU,DC=test,DC=com"
Celsa,Pyper,Celsa Pyper,Celsa.Pyper,"CN=Vickie Peavey,OU=TestOU,DC=test,DC=com",President,HR,Sao Paulo,"CN=Cherilyn Craghead,OU=TestOU,DC=test,DC=com"
Cherilyn,Craghead,Cherilyn Craghead,Cherilyn.Craghead,"CN=Celsa Pyper,OU=TestOU,DC=test,DC=com",Vice President,HR,Prague,"CN=Denis Hallam,OU=TestOU,DC=test,DC=com"
Denis,Hallam,Denis Hallam,Denis.Hallam,"CN=Cherilyn Craghead,OU=TestOU,DC=test,DC=com",Manager,HR,Bangalore,"CN=Iesha Ting,OU=TestOU,DC=test,DC=com;CN=Elsa Gibson,OU=TestOU,DC=test,DC=com;CN=Rashida Joly,OU=TestOU,DC=test,DC=com"
Rashida,Joly,Rashida Joly,Rashida.Joly,"CN=Denis Hallam,OU=TestOU,DC=test,DC=com",HR Executive,HR,Bangalore,
Elsa,Gibson,Elsa Gibson,Elsa.Gibson,"CN=Denis Hallam,OU=TestOU,DC=test,DC=com",HR Executive,HR,Bangalore,
Iesha,Ting,Iesha Ting,Iesha.Ting,"CN=Denis Hallam,OU=TestOU,DC=test,DC=com",HR Executive,HR,Bangalore,
Taneka,Felkins,Taneka Felkins,Taneka.Felkins,,CEO,Leadership,Bangalore,"CN=Clyde Forman,OU=TestOU,DC=test,DC=com;CN=Deedee Silver,OU=TestOU,DC=test,DC=com;CN=Vickie Peavey,OU=TestOU,DC=test,DC=com;CN=Blake Neidig,OU=TestOU,DC=test,DC=com;CN=Mellie Winkle,OU=TestOU,DC=test,DC=com"
Vada,Sereno,Vada Sereno,Vada.Sereno,"CN=Deedee Silver,OU=TestOU,DC=test,DC=com",President,Sales,Bangalore,"CN=Florencia Hornick,OU=TestOU,DC=test,DC=com"
Florencia,Hornick,Florencia Hornick,Florencia.Hornick,"CN=Vada Sereno,OU=TestOU,DC=test,DC=com",Vice President,Sales,Bangalore,"CN=Lina Burciaga,OU=TestOU,DC=test,DC=com"
Lina,Burciaga,Lina Burciaga,Lina.Burciaga,"CN=Florencia Hornick,OU=TestOU,DC=test,DC=com",Manager,Sales,Bangalore,"CN=Lawrence Standish,OU=TestOU,DC=test,DC=com;CN=Youlanda Barre,OU=TestOU,DC=test,DC=com"
Youlanda,Barre,Youlanda Barre,Youlanda.Barre,"CN=Lina Burciaga,OU=TestOU,DC=test,DC=com",Analyst,Sales,Sao Paulo,
Lawrence,Standish,Lawrence Standish,Lawrence.Standish,"CN=Lina Burciaga,OU=TestOU,DC=test,DC=com",Analyst,Sales,Sao Paulo,
Deedee,Silver,Deedee Silver,Deedee.Silver,"CN=Taneka Felkins,OU=TestOU,DC=test,DC=com",CSO,Leadership,Sao Paulo,"CN=Vada Sereno,OU=TestOU,DC=test,DC=com"
Clyde,Forman,Clyde Forman,Clyde.Forman,"CN=Taneka Felkins,OU=TestOU,DC=test,DC=com",CTO,Leadership,Prague,"CN=Davina Mcmillan,OU=TestOU,DC=test,DC=com"
Davina,Mcmillan,Davina Mcmillan,Davina.Mcmillan,"CN=Clyde Forman,OU=TestOU,DC=test,DC=com",President,Tech,Bangalore,"CN=Raisa Vanwingerden,OU=TestOU,DC=test,DC=com"
Raisa,Vanwingerden,Raisa Vanwingerden,Raisa.Vanwingerden,"CN=Davina Mcmillan,OU=TestOU,DC=test,DC=com",Vice President,Tech,Bangalore,"CN=Elli Dials,OU=TestOU,DC=test,DC=com"
Elli,Dials,Elli Dials,Elli.Dials,"CN=Raisa Vanwingerden,OU=TestOU,DC=test,DC=com",Manager,Tech,Bangalore,"CN=Masako Gosney,OU=TestOU,DC=test,DC=com;CN=Lady Hepler,OU=TestOU,DC=test,DC=com;CN=Jolanda Goris,OU=TestOU,DC=test,DC=com"
Jolanda,Goris,Jolanda Goris,Jolanda.Goris,"CN=Elli Dials,OU=TestOU,DC=test,DC=com",Developer,Tech,Bangalore,
Lady,Hepler,Lady Hepler,Lady.Hepler,"CN=Elli Dials,OU=TestOU,DC=test,DC=com",Developer,Tech,Prague,
Masako,Gosney,Masako Gosney,Masako.Gosney,"CN=Elli Dials,OU=TestOU,DC=test,DC=com",Developer,Tech,Mumbai,
